Avg. Num. Dens. [1/mL], Std. Dev. Num. Dens. [1/mL]
2.855000000000000000e+04,6.502242690026265336e+03
2.278000000000000000e+04,6.207234488884723760e+03
2.506666666666666515e+03,1.202774570177914256e+03
1.550000000000000000e+02,9.115920140062658561e+01
7.500000000000000000e+01,7.324206441656323818e+01
0.000000000000000000e+00,0.000000000000000000e+00
3.033333333333333215e+01,3.690889684976600194e+01
Rows: ECD 1-2; ECD 2-5; ECD 5-10, ECD 10-25; ECD 25-70; ECD ge70; MFD ge70
