Avg. Num. Dens. [1/mL], Std. Dev. Num. Dens. [1/mL]
6.851933333333333721e+05,3.303201568579590530e+05
1.928066666666666570e+05,8.850370899949147133e+04
3.521000000000000000e+04,8.940413860666631081e+03
6.910000000000000000e+03,1.887082404136077912e+03
8.266666666666667140e+01,5.246967378082950262e+01
0.000000000000000000e+00,0.000000000000000000e+00
1.533333333333333393e+01,2.375429785673882321e+01
Rows: ECD 1-2; ECD 2-5; ECD 5-10, ECD 10-25; ECD 25-70; ECD ge70; MFD ge70
