Avg. Num. Dens. [1/mL], Std. Dev. Num. Dens. [1/mL]
3.412333333333333576e+04,1.309166706980691197e+04
2.990333333333333212e+04,1.202958630488458039e+04
4.026666666666666515e+03,1.517295840192896094e+03
4.533333333333333144e+02,2.378795213267982547e+02
3.033333333333333215e+01,3.690889684976600194e+01
0.000000000000000000e+00,0.000000000000000000e+00
1.533333333333333393e+01,2.375429785673882321e+01
Rows: ECD 1-2; ECD 2-5; ECD 5-10, ECD 10-25; ECD 25-70; ECD ge70; MFD ge70
