Num. Dens. 1.1 [1/mL], Num. Dens. 1.2 [1/mL], Num. Dens. 2.1 [1/mL], Num. Dens. 2.2 [1/mL], ...
5.704000000000000000e+04,6.650000000000000000e+04,5.866000000000000000e+04,3.852000000000000000e+04,1.504000000000000000e+04,1.590000000000000000e+04
1.546000000000000000e+04,1.350000000000000000e+04,1.778000000000000000e+04,1.904000000000000000e+04,8.080000000000000000e+03,7.800000000000000000e+03
1.660000000000000000e+03,1.840000000000000000e+03,9.000000000000000000e+02,5.800000000000000000e+02,5.800000000000000000e+02,6.800000000000000000e+02
9.000000000000000000e+01,2.800000000000000000e+02,5.800000000000000000e+02,1.040000000000000000e+03,4.600000000000000000e+01,2.800000000000000000e+02
0.000000000000000000e+00,4.600000000000000000e+01,4.600000000000000000e+01,0.000000000000000000e+00,0.000000000000000000e+00,0.000000000000000000e+00
0.000000000000000000e+00,0.000000000000000000e+00,0.000000000000000000e+00,0.000000000000000000e+00,0.000000000000000000e+00,0.000000000000000000e+00
0.000000000000000000e+00,0.000000000000000000e+00,0.000000000000000000e+00,0.000000000000000000e+00,0.000000000000000000e+00,0.000000000000000000e+00
Rows: ECD 1-2; ECD 2-5; ECD 5-10, ECD 10-25; ECD 25-70; MFD ge70
