Num. Dens. 1.1 [1/mL], Num. Dens. 1.2 [1/mL], Num. Dens. 2.1 [1/mL], Num. Dens. 2.2 [1/mL], ...
3.604000000000000000e+04,5.426000000000000000e+04,9.440000000000000000e+03,9.580000000000000000e+03,1.480000000000000000e+04,2.108000000000000000e+04
2.402000000000000000e+04,2.416000000000000000e+04,5.980000000000000000e+03,6.340000000000000000e+03,1.754000000000000000e+04,1.692000000000000000e+04
1.800000000000000000e+03,9.800000000000000000e+02,4.400000000000000000e+02,4.600000000000000000e+02,1.300000000000000000e+03,1.320000000000000000e+03
1.800000000000000000e+02,3.200000000000000000e+02,0.000000000000000000e+00,2.200000000000000000e+02,1.800000000000000000e+02,4.600000000000000000e+01
4.600000000000000000e+01,0.000000000000000000e+00,0.000000000000000000e+00,9.000000000000000000e+01,0.000000000000000000e+00,0.000000000000000000e+00
0.000000000000000000e+00,0.000000000000000000e+00,0.000000000000000000e+00,0.000000000000000000e+00,0.000000000000000000e+00,0.000000000000000000e+00
0.000000000000000000e+00,0.000000000000000000e+00,0.000000000000000000e+00,0.000000000000000000e+00,0.000000000000000000e+00,0.000000000000000000e+00
Rows: ECD 1-2; ECD 2-5; ECD 5-10, ECD 10-25; ECD 25-70; MFD ge70
