Num. Dens. 1.1 [1/mL], Num. Dens. 1.2 [1/mL], Num. Dens. 2.1 [1/mL], Num. Dens. 2.2 [1/mL], ...
4.348000000000000000e+04,6.638000000000000000e+04,4.080000000000000000e+04,3.312000000000000000e+04,3.074000000000000000e+04,3.604000000000000000e+04
8.540000000000000000e+03,1.554000000000000000e+04,2.740000000000000000e+03,1.900000000000000000e+03,1.040000000000000000e+03,2.840000000000000000e+03
2.660000000000000000e+03,2.600000000000000000e+03,4.600000000000000000e+02,7.200000000000000000e+02,4.000000000000000000e+02,7.200000000000000000e+02
5.000000000000000000e+02,5.800000000000000000e+02,9.000000000000000000e+01,2.200000000000000000e+02,4.600000000000000000e+01,2.200000000000000000e+02
0.000000000000000000e+00,4.600000000000000000e+01,0.000000000000000000e+00,0.000000000000000000e+00,0.000000000000000000e+00,0.000000000000000000e+00
0.000000000000000000e+00,0.000000000000000000e+00,0.000000000000000000e+00,0.000000000000000000e+00,0.000000000000000000e+00,0.000000000000000000e+00
0.000000000000000000e+00,0.000000000000000000e+00,0.000000000000000000e+00,0.000000000000000000e+00,0.000000000000000000e+00,0.000000000000000000e+00
Rows: ECD 1-2; ECD 2-5; ECD 5-10, ECD 10-25; ECD 25-70; MFD ge70
