Num. Dens. 1.1 [1/mL], Num. Dens. 1.2 [1/mL], Num. Dens. 2.1 [1/mL], Num. Dens. 2.2 [1/mL], ...
1.476000000000000000e+04,1.874000000000000000e+04,1.120200000000000000e+05,1.088000000000000000e+05,4.774000000000000000e+04,4.940000000000000000e+04
1.458000000000000000e+04,1.718000000000000000e+04,1.063600000000000000e+05,8.868000000000000000e+04,4.968000000000000000e+04,5.204000000000000000e+04
3.280000000000000000e+03,3.240000000000000000e+03,9.620000000000000000e+03,8.320000000000000000e+03,1.116000000000000000e+04,8.080000000000000000e+03
2.800000000000000000e+02,1.800000000000000000e+02,3.200000000000000000e+02,2.600000000000000000e+02,3.600000000000000000e+02,4.400000000000000000e+02
0.000000000000000000e+00,0.000000000000000000e+00,4.600000000000000000e+01,0.000000000000000000e+00,0.000000000000000000e+00,0.000000000000000000e+00
0.000000000000000000e+00,0.000000000000000000e+00,0.000000000000000000e+00,0.000000000000000000e+00,0.000000000000000000e+00,0.000000000000000000e+00
0.000000000000000000e+00,0.000000000000000000e+00,0.000000000000000000e+00,0.000000000000000000e+00,0.000000000000000000e+00,0.000000000000000000e+00
Rows: ECD 1-2; ECD 2-5; ECD 5-10, ECD 10-25; ECD 25-70; MFD ge70
