Num. Dens. 1.1 [1/mL], Num. Dens. 1.2 [1/mL], Num. Dens. 2.1 [1/mL], Num. Dens. 2.2 [1/mL], ...
3.728000000000000000e+03,3.370599999999999909e+03,2.471800000000000182e+03,1.266800000000000182e+03,1.977400000000000091e+03,4.940000000000000000e+02
2.470400000000000091e+03,3.056000000000000000e+03,1.348199999999999818e+03,2.713999999999999773e+02,9.887999999999999545e+02,3.144000000000000341e+02
1.482200000000000045e+03,2.067400000000000091e+03,4.493999999999999773e+02,0.000000000000000000e+00,4.493999999999999773e+02,8.980000000000001137e+01
4.500000000000000000e+01,2.696000000000000227e+02,8.980000000000001137e+01,4.519999999999999574e+01,1.348000000000000114e+02,0.000000000000000000e+00
0.000000000000000000e+00,0.000000000000000000e+00,0.000000000000000000e+00,0.000000000000000000e+00,0.000000000000000000e+00,0.000000000000000000e+00
0.000000000000000000e+00,0.000000000000000000e+00,0.000000000000000000e+00,0.000000000000000000e+00,0.000000000000000000e+00,0.000000000000000000e+00
0.000000000000000000e+00,0.000000000000000000e+00,0.000000000000000000e+00,0.000000000000000000e+00,0.000000000000000000e+00,0.000000000000000000e+00
Rows: ECD 1-2; ECD 2-5; ECD 5-10, ECD 10-25; ECD 25-70; MFD ge70
